Date,Airline,Flight,From,To,Dep Terminal,Dep Gate,Arr Terminal,Arr Gate,Canceled,Diverted To,Gate Departure (Scheduled),Gate Departure (Actual),Take off (Scheduled),Take off (Actual),Landing (Scheduled),Landing (Actual),Gate Arrival (Scheduled),Gate Arrival (Actual),Aircraft Type Name,Tail Number,PNR,Seat,Seat Type,Cabin Class,Flight Reason,Notes,Flight Flighty ID,Airline Flighty ID,Departure Airport Flighty ID,Arrival Airport Flighty ID,Diverted To Airport Flighty ID,Aircraft Type Flighty ID
2010-05-20,CCA,1384,SZX,PEK,B,,3,,false,,2010-05-20T22:20,2010-05-21T00:30,,,,,2010-05-21T01:20,,Airbus A321,,,,,,,,23e2d83a-7897-4492-a564-0957427ae666,6d518838-0f6b-4a46-ae2a-efa5b86cdfc2,fe67fc1f-8483-4796-891a-81a54515c216,fa495023-95f7-46c7-abf5-69a5f2120d69,,5904cdc2-eccf-41fe-8345-e82a51d3269c
2010-05-26,CCA,3311,PEK,SZX,3,,B,,false,,2010-05-26T08:30,2010-05-26T08:49,,,,,2010-05-26T11:30,2010-05-26T11:40,Boeing 737-900,,,,,,,,3e6c0301-7602-4842-89ba-df96f6b01652,6d518838-0f6b-4a46-ae2a-efa5b86cdfc2,fa495023-95f7-46c7-abf5-69a5f2120d69,fe67fc1f-8483-4796-891a-81a54515c216,,96c34e5f-1bf1-475f-8bf2-23522f46bb23
2011-01-31,CCA,1338,SZX,PEK,B,,3,,false,,2011-01-31T13:05,2011-01-31T13:52,,,,,2011-01-31T16:05,2011-01-31T16:33,Airbus A330,,,,,,,,1b6d7d73-6f48-4013-83e8-aa62f6fb5cfc,6d518838-0f6b-4a46-ae2a-efa5b86cdfc2,fe67fc1f-8483-4796-891a-81a54515c216,fa495023-95f7-46c7-abf5-69a5f2120d69,,f4a5b854-d517-4008-954b-07efefb9efc3
2011-01-31,CCA,985,PEK,SFO,3,,I,,false,,2011-01-31T16:00,2011-01-31T16:24,,,,,2011-01-31T11:20,2011-01-31T10:52,Boeing 747-400,,,,,,,,d5c00f54-dd87-42cf-a4d9-f0787fbc805d,6d518838-0f6b-4a46-ae2a-efa5b86cdfc2,fa495023-95f7-46c7-abf5-69a5f2120d69,9b0faf9d-6e26-44ce-88d6-f30a340ea2b7,,fa1c6563-0a22-4a7a-b46b-0dd291f5aed2
2011-02-13,UAL,1573,SFO,PHL,1,29,B,B5,false,,2011-02-13T08:30,2011-02-13T08:47,,,,,2011-02-13T16:48,2011-02-13T17:04,Airbus A321,,,,,,,,30b19170-093d-4f97-bbc1-1d24a514efb1,b57b4c86-4724-48f1-80be-d7de4036004a,9b0faf9d-6e26-44ce-88d6-f30a340ea2b7,a0d1ae30-2637-4b7c-87bd-91e31dc37468,,5904cdc2-eccf-41fe-8345-e82a51d3269c
2011-02-18,UAL,846,IAD,SFO,Main,C12,3,86,false,,2011-02-18T08:30,2011-02-18T08:30,,,,,2011-02-18T11:31,2011-02-18T11:41,Boeing 767-300,,,,,,,,002e9284-2146-4290-87f2-118fca775d87,b57b4c86-4724-48f1-80be-d7de4036004a,519696f5-bda6-457c-ae4c-dd1cb07e20de,9b0faf9d-6e26-44ce-88d6-f30a340ea2b7,,43446f91-8c37-47d7-bb5e-609364bbe870
2011-02-26,CCA,8889,SFO,PEK,I,G97,3,E30,false,,2011-02-26T11:07,2011-02-26T11:39,,,,,2011-02-27T15:40,2011-02-27T16:30,Boeing 777,,,,,,,,f7ade4ea-8ad1-4a70-ad1b-3539e614727f,6d518838-0f6b-4a46-ae2a-efa5b86cdfc2,9b0faf9d-6e26-44ce-88d6-f30a340ea2b7,fa495023-95f7-46c7-abf5-69a5f2120d69,,3d9b62ce-217c-490e-9dff-06d51ecb3791
2011-02-27,CCA,3311,PEK,SZX,3,,B,,false,,2011-02-27T08:10,2011-02-27T08:58,,,,,2011-02-27T11:20,2011-02-27T11:53,Airbus A320,,,,,,,,4091f877-224d-4298-a54f-4c8c26c9c6cb,6d518838-0f6b-4a46-ae2a-efa5b86cdfc2,fa495023-95f7-46c7-abf5-69a5f2120d69,fe67fc1f-8483-4796-891a-81a54515c216,,63155468-7f9d-4f33-8e5d-c0bf2edd2987
2012-05-20,CSN,5156,SZX,KMG,B,,,,false,,2012-05-20T12:00,2012-05-20T12:23,,,,,2012-05-20T14:15,2012-05-20T14:23,Boeing 737,,,,,,,,6d6673b6-3518-47b3-81dd-771dc8689968,255d4d33-d2aa-4a84-bc7d-0613c507151f,fe67fc1f-8483-4796-891a-81a54515c216,e90b5211-2818-465b-a4f2-f6f7fb8da6b1,,9d52e2d2-e872-477e-b033-23bff043de69
2012-05-31,CSN,3452,KMG,SZX,,,A,,false,,2012-05-31T20:55,2012-05-31T20:57,,,,,2012-05-31T22:45,2012-05-31T22:36,Airbus A319,,,,,,,,2c98bae3-0d85-4dd5-bef5-e658b1d41ff6,255d4d33-d2aa-4a84-bc7d-0613c507151f,e90b5211-2818-465b-a4f2-f6f7fb8da6b1,fe67fc1f-8483-4796-891a-81a54515c216,,fb8254ff-1d83-4fe1-a147-882c217dfcbe
2012-07-23,CSN,3577,SZX,FOC,A,,,,false,,2012-07-23T12:20,2012-07-23T12:35,,,,,2012-07-23T13:40,2012-07-23T13:46,Airbus A320,,,,,,,,665e91a9-4211-4159-b097-e2b3fd77e32b,255d4d33-d2aa-4a84-bc7d-0613c507151f,fe67fc1f-8483-4796-891a-81a54515c216,9ef7076e-fb17-4ecb-aca2-c953d202e7ee,,63155468-7f9d-4f33-8e5d-c0bf2edd2987
2012-07-29,CSN,3578,FOC,SZX,,,A,,false,,2012-07-29T17:45,2012-07-29T18:02,,,,,2012-07-29T19:15,2012-07-29T19:16,Airbus A320,,,,,,,,8d0b84be-25de-497f-84c5-6e5580aa270c,255d4d33-d2aa-4a84-bc7d-0613c507151f,9ef7076e-fb17-4ecb-aca2-c953d202e7ee,fe67fc1f-8483-4796-891a-81a54515c216,,63155468-7f9d-4f33-8e5d-c0bf2edd2987
2013-01-24,CPA,870,HKG,SFO,1,4,I,,false,,2013-01-24T14:05,2013-01-24T14:09,,,,,2013-01-24T10:00,2013-01-24T10:07,,,,,,,,,f77b8674-139b-4498-b31f-6f5b782b3e95,8508d82c-f03a-4c99-88d8-46ede5aceb6d,7da61aa8-3d56-411b-8be5-50a198e86c60,9b0faf9d-6e26-44ce-88d6-f30a340ea2b7,,
2013-02-17,SWA,1710,SFO,LAS,1,29,1,C25,false,,2013-02-17T08:20,2013-02-17T08:13,,,,,2013-02-17T09:55,2013-02-17T09:32,,,,,,,,,f22eb352-02ab-4bec-8635-24938077a179,be4c4286-2c02-4dca-86d4-56e19aa348f7,9b0faf9d-6e26-44ce-88d6-f30a340ea2b7,13ec7b81-ab66-4c6c-b632-92f18740c05b,,
2013-02-18,AZA,3526,LAS,LAX,1,D39,6,68A,false,,2013-02-18T06:00,2013-02-18T05:55,,,,,2013-02-18T07:09,2013-02-18T06:57,,,,,,,,,a80f1ceb-26d2-42db-9642-bd2882c7ecb8,38d3fcc3-4655-469a-993a-08cffbf29316,13ec7b81-ab66-4c6c-b632-92f18740c05b,25b8d712-9888-423f-868d-b25f1d184aaf,,
2013-02-19,SWA,1801,LAX,SFO,1,11,1,28,false,,2013-02-19T06:00,2013-02-19T06:05,,,,,2013-02-19T07:30,2013-02-19T07:24,,,,,,,,,854866e8-0e19-401e-92b0-6b482f0c3dd6,be4c4286-2c02-4dca-86d4-56e19aa348f7,25b8d712-9888-423f-868d-b25f1d184aaf,9b0faf9d-6e26-44ce-88d6-f30a340ea2b7,,
2013-02-20,CPA,879,SFO,HKG,I,,1,,false,,2013-02-20T11:50,2013-02-20T11:47,,,,,2013-02-21T18:50,2013-02-21T18:33,,,,,,,,,abd71388-08c1-41c9-8776-2a3239b82926,8508d82c-f03a-4c99-88d8-46ede5aceb6d,9b0faf9d-6e26-44ce-88d6-f30a340ea2b7,7da61aa8-3d56-411b-8be5-50a198e86c60,,
2013-07-31,CSN,3559,SZX,NKG,A,,,,false,,2013-07-31T08:00,2013-07-31T08:17,,,,,2013-07-31T09:50,2013-07-31T10:05,,,,,,,,,835306e5-de07-4729-af13-4d4d1fecffe3,255d4d33-d2aa-4a84-bc7d-0613c507151f,fe67fc1f-8483-4796-891a-81a54515c216,6c95878b-b90d-42ec-bed8-5d9eda5d3296,,
2013-08-05,CSN,3552,SHA,SZX,2,,A,,false,,2013-08-05T18:30,2013-08-05T19:24,,,,,2013-08-05T20:45,2013-08-05T21:17,,,,,,,,,a22622a5-2e6c-421e-b8f6-08da9fd10af5,255d4d33-d2aa-4a84-bc7d-0613c507151f,5382e2ef-9ea4-4c98-9586-ab44a30cdb43,fe67fc1f-8483-4796-891a-81a54515c216,,
2013-08-21,CSZ,9992,HFE,SZX,,,B,,false,,2013-08-21T11:25,2013-08-21T13:00,,,,,2013-08-21T13:30,2013-08-21T14:42,Boeing 737-800,,,,,,,,9e4e52a5-2b26-41bd-bf56-f2768f8f0cf3,882ae493-92fd-4736-99aa-2a349ce76c91,70ba7eb0-7231-45d8-b67f-05baea3769cf,fe67fc1f-8483-4796-891a-81a54515c216,,8ad8530e-acd0-42bf-abc5-1e70c4a076bf
2014-08-17,CES,4563,SZX,TXN,T3,,,,false,,2014-08-17T20:15,2014-08-17T20:37,,,,,2014-08-17T22:05,2014-08-17T22:20,Airbus A319,,,,,,,,38c9672d-f546-47c1-8bda-475ff4f6c107,7c3dc023-a5b2-4d2d-9bd1-6adecdcf1f16,fe67fc1f-8483-4796-891a-81a54515c216,e9715cac-a4fe-4170-bd7a-42a5fd698ed5,,fb8254ff-1d83-4fe1-a147-882c217dfcbe
2015-07-08,CPA,872,HKG,SFO,1,4,I,,false,,2015-07-08T00:30,2015-07-08T01:53,,,,,2015-07-07T22:15,2015-07-07T22:57,Boeing 777-300 ER,,,,,,,,aa3ea589-26fe-4e50-8aa6-abd883b5dbab,8508d82c-f03a-4c99-88d8-46ede5aceb6d,7da61aa8-3d56-411b-8be5-50a198e86c60,9b0faf9d-6e26-44ce-88d6-f30a340ea2b7,,78eac566-1ad0-4ded-9979-9510dfde05f2
2015-07-27,CPA,873,SFO,HKG,I,,1,,false,,2015-07-27T01:00,2015-07-27T00:53,,,,,2015-07-28T06:10,2015-07-28T05:27,,,,,,,,,23a64206-cdd8-4c8a-b7bf-8ebc69067ea7,8508d82c-f03a-4c99-88d8-46ede5aceb6d,9b0faf9d-6e26-44ce-88d6-f30a340ea2b7,7da61aa8-3d56-411b-8be5-50a198e86c60,,
2016-02-21,CPA,412,HKG,ICN,1,,,126,false,,2016-02-21T00:55,2016-02-21T00:59,,,,,2016-02-21T05:20,2016-02-21T05:23,Airbus A330-300,,,,,,,,63c6c984-3d6f-4690-b4a8-3a2bebe3b269,8508d82c-f03a-4c99-88d8-46ede5aceb6d,7da61aa8-3d56-411b-8be5-50a198e86c60,ca56969b-d5b4-4d55-95ad-f7abb4fdede9,,6eab475b-ae92-46cd-a1b8-66937c85f7cc
2016-02-25,CPA,419,ICN,HKG,,122,1,,false,,2016-02-25T19:50,2016-02-25T20:16,,,,,2016-02-25T22:45,2016-02-25T23:10,Airbus A330-300,,,,,,,,b21428a2-80c2-41a3-b929-8e809c6eb350,8508d82c-f03a-4c99-88d8-46ede5aceb6d,ca56969b-d5b4-4d55-95ad-f7abb4fdede9,7da61aa8-3d56-411b-8be5-50a198e86c60,,6eab475b-ae92-46cd-a1b8-66937c85f7cc
2016-07-22,CPA,502,HKG,KIX,1,64,1,N3,false,,2016-07-22T16:25,2016-07-22T16:23,,,,,2016-07-22T21:10,2016-07-22T21:13,Boeing 777-300,,,,,,,,45f1e93b-5850-430f-8a5f-f40ba09033eb,8508d82c-f03a-4c99-88d8-46ede5aceb6d,7da61aa8-3d56-411b-8be5-50a198e86c60,05f38441-6e21-4f4f-8b90-f6ff8be5f037,,41adc260-cf8e-4245-a647-67b85d4348b6
2016-07-27,CPA,501,NRT,HKG,2,95,1,,false,,2016-07-27T10:45,2016-07-27T10:57,,,,,2016-07-27T14:40,2016-07-27T14:08,Boeing 777-300,,,,,,,,9e8609f5-4bd8-4f8b-8004-5869b93d157f,8508d82c-f03a-4c99-88d8-46ede5aceb6d,42cbe764-fc30-49b0-9e72-eca5f6c21767,7da61aa8-3d56-411b-8be5-50a198e86c60,,41adc260-cf8e-4245-a647-67b85d4348b6
2017-07-23,CXA,8069,SZX,XMN,T3,45,3,,false,,2017-07-23T09:45,,,,,,2017-07-23T11:05,,Boeing 737-800,,,,,,,,c9e356f6-0712-4bff-ae7c-d0cc1eb3150b,d0ee441b-1a09-4d7c-b736-c4c8b7155b60,fe67fc1f-8483-4796-891a-81a54515c216,4b0054f0-7183-4b80-bfa1-1f79ad79ffe5,,8ad8530e-acd0-42bf-abc5-1e70c4a076bf
2017-07-29,CXA,8070,XMN,SZX,3,,T3,,false,,2017-07-29T20:10,,,,,,2017-07-29T21:20,,Boeing 737-800,,,,,,,,273caaf6-5fd4-499e-ad34-f497158dc24b,d0ee441b-1a09-4d7c-b736-c4c8b7155b60,4b0054f0-7183-4b80-bfa1-1f79ad79ffe5,fe67fc1f-8483-4796-891a-81a54515c216,,8ad8530e-acd0-42bf-abc5-1e70c4a076bf
2018-01-31,THA,601,HKG,BKK,2,42,,,false,,2018-01-31T12:45,2018-01-31T13:12,,,,,2018-01-31T14:25,2018-01-31T15:32,Boeing 747-400,,,,,,,,e065b00d-2386-4718-a9a6-07f9b9a0cbaa,a0b83fd3-dea9-4db2-a20a-cf6b63e1b6af,7da61aa8-3d56-411b-8be5-50a198e86c60,548d409f-68f7-4450-aaaf-87133919af6d,,c71ef305-0d60-4253-9650-b4f6eaf4713c
2018-02-03,TLM,812,DMK,KBV,2,34,,,false,,2018-02-03T15:20,,,,,,2018-02-03T16:50,,Boeing 737-900ER,,,,,,,,b700f6a1-eda5-4f18-a668-2efe5a2355d7,ee625d9e-cb1d-44ba-b7e0-98b57f172e28,99e501ce-1da8-427e-b685-4f54c4a1a6ee,e8c50bb1-a8e6-4e68-ba81-414d7f443bc6,,24012541-435d-4a27-af8a-4791336f1965
2018-02-08,TLM,759,HKT,DMK,,,2,,false,,2018-02-08T16:45,,,,,,2018-02-08T18:10,,Airbus A330-300,,,,,,,,164a3344-e6e9-49c0-8a50-b324aa03bf86,ee625d9e-cb1d-44ba-b7e0-98b57f172e28,5c2e8f65-88c9-4917-a076-4043eff8a926,99e501ce-1da8-427e-b685-4f54c4a1a6ee,,6eab475b-ae92-46cd-a1b8-66937c85f7cc
2018-02-10,THA,602,BKK,HKG,,D7,1,,false,,2018-02-10T18:40,2018-02-10T18:43,,,,,2018-02-10T22:25,2018-02-10T22:33,Airbus A330-300,,,,,,,,6af499d7-7fc7-4bbe-b4ca-75f8364779cf,a0b83fd3-dea9-4db2-a20a-cf6b63e1b6af,548d409f-68f7-4450-aaaf-87133919af6d,7da61aa8-3d56-411b-8be5-50a198e86c60,,6eab475b-ae92-46cd-a1b8-66937c85f7cc
2018-06-19,CHH,7257,SZX,CKG,T3,21,T3,,false,,2018-06-19T14:20,2018-06-19T14:11,,,,,2018-06-19T16:30,2018-06-19T16:40,Airbus A330-200,,,,,,,,47859811-4522-48d7-af40-4d46e98de755,0f72443f-2b6b-46d8-92f7-94f57e6c4bea,fe67fc1f-8483-4796-891a-81a54515c216,e1bae218-a685-4595-9d35-a07859dcfbc0,,b592e11d-fad7-492c-9c29-998f09eed93e
2018-06-24,UEA,2245,CTU,ZYI,T2,,,,false,,2018-06-24T15:05,2018-06-24T14:48,,,,,2018-06-24T16:30,2018-06-24T16:35,Airbus A320,,,,,,,,fc76bb28-d923-4277-9c62-ab4d10ec4f4e,855312f9-4302-4af6-86bb-3089d4a0de7c,b0c5320c-15c1-4f40-b789-0cfe491aeb91,5ebfc50a-4465-4b6b-8fdb-9f67e413c691,,dd390a1f-e92a-4411-ab72-04db16d42030
2018-06-24,UEA,2245,ZYI,SZX,,,T3,,false,,2018-06-24T17:15,2018-06-24T17:24,,,,,2018-06-24T19:00,2018-06-24T19:24,Airbus A320,,,,,,,,797415ec-a297-46fb-a49e-3e3c7c68ff03,855312f9-4302-4af6-86bb-3089d4a0de7c,5ebfc50a-4465-4b6b-8fdb-9f67e413c691,fe67fc1f-8483-4796-891a-81a54515c216,,dd390a1f-e92a-4411-ab72-04db16d42030
2018-08-09,SIA,2,HKG,SFO,1,18,INTL,A3,false,,2018-08-09T23:30,2018-08-10T00:22,,,,,2018-08-09T21:15,2018-08-09T22:08,Boeing 777-300 ER,,,,,,,,e85a423f-857f-4103-94e2-271a0f812508,30242dfb-68a4-4ee8-8055-f967ba273f38,7da61aa8-3d56-411b-8be5-50a198e86c60,9b0faf9d-6e26-44ce-88d6-f30a340ea2b7,,78eac566-1ad0-4ded-9979-9510dfde05f2
2018-08-20,SWA,1521,SFO,DAL,1,25,,18,false,,2018-08-20T08:55,2018-08-20T09:03,,,,,2018-08-20T14:30,2018-08-20T14:19,Boeing 737-700,,,,,,,,7d5c8bc1-400a-4326-a4e0-35aebb477154,be4c4286-2c02-4dca-86d4-56e19aa348f7,9b0faf9d-6e26-44ce-88d6-f30a340ea2b7,3cbb70b8-eb30-493b-98df-313a5f330fa8,,886c3a0c-c7a3-4205-982f-35cddc765ae1
2018-08-20,SWA,1473,DAL,CLT,,,,,false,,2018-08-20T15:35,2018-08-20T15:31,,,,,2018-08-20T19:05,2018-08-20T18:55,Boeing 737-700,,,,,,,,f81dba5d-d18e-41f3-989b-30e57e36e5e1,be4c4286-2c02-4dca-86d4-56e19aa348f7,3cbb70b8-eb30-493b-98df-313a5f330fa8,9bafd1d5-34a5-4ba8-b6af-61d3350d5912,,886c3a0c-c7a3-4205-982f-35cddc765ae1
2018-11-22,UAL,4212,GSO,EWR,Main,26,A,20A,false,,2018-11-22T13:05,2018-11-22T12:55,,,,,2018-11-22T15:01,2018-11-22T14:59,Embraer RJ145,,,,,,,,02500240-ddcc-4633-9f74-407055acaca9,b57b4c86-4724-48f1-80be-d7de4036004a,495f7a2c-679a-4106-9bd3-33cf38d13c95,4427d229-a1e2-4955-81fa-9b5c0f103f12,,6358f527-1221-47d3-9170-26351f84ac05
2018-11-26,UAL,4965,EWR,GSO,A,26,Main,,false,,2018-11-26T21:59,2018-11-27T00:09,,,,,2018-11-26T23:53,2018-11-27T01:53,Embraer RJ145,,,,,,,,50ea6b50-3afb-4e14-ad42-e8243162b28a,b57b4c86-4724-48f1-80be-d7de4036004a,4427d229-a1e2-4955-81fa-9b5c0f103f12,495f7a2c-679a-4106-9bd3-33cf38d13c95,,6358f527-1221-47d3-9170-26351f84ac05
2018-12-16,AAL,2061,CLT,SFO,Main,,,,false,,2018-12-16T14:00,2018-12-16T14:58,,,,,2018-12-16T16:43,2018-12-16T17:33,Airbus A321,,,,,,,,449cac7b-5e0e-47f3-8540-fdfdf76be89b,ae1fc6a5-c42d-4e70-ba63-d641d248d270,9bafd1d5-34a5-4ba8-b6af-61d3350d5912,9b0faf9d-6e26-44ce-88d6-f30a340ea2b7,,5904cdc2-eccf-41fe-8345-e82a51d3269c
2019-01-12,AAL,1960,SFO,CLT,,,,,false,,2019-01-12T08:27,2019-01-12T08:24,,,,,2019-01-12T16:30,2019-01-12T16:19,Airbus A321,,,,,,,,3795220d-0458-47ae-8576-f0e086f2a71e,ae1fc6a5-c42d-4e70-ba63-d641d248d270,9b0faf9d-6e26-44ce-88d6-f30a340ea2b7,9bafd1d5-34a5-4ba8-b6af-61d3350d5912,,5904cdc2-eccf-41fe-8345-e82a51d3269c
2019-02-22,DAL,5294,GSO,LGA,Main,31,C,C16,false,,2019-02-22T13:47,2019-02-22T13:44,,,,,2019-02-22T15:29,2019-02-22T15:16,"Bombardier CRJ900 ",,,,,,,,93ac05dc-e1b1-46ba-82f6-edf1c78649b0,a8765091-d043-44b1-936c-d217bb519e56,495f7a2c-679a-4106-9bd3-33cf38d13c95,dfeb8457-3376-49f8-b542-dbeb2ec9f719,,8a4bd3f7-3aac-4e32-8a52-07e5525b36e3
2019-02-22,DAL,6021,LGA,BOS,C,C38,A,A7,false,,2019-02-22T16:59,2019-02-22T17:14,,,,,2019-02-22T18:24,2019-02-22T18:30,Embraer 175,,,,,,,,f5363617-a52c-4473-8a55-a3fc22162562,a8765091-d043-44b1-936c-d217bb519e56,dfeb8457-3376-49f8-b542-dbeb2ec9f719,813ec62f-c303-44d9-a041-a4434d6fd652,,36728d5b-40cd-46ec-93ba-8822376b565d
2019-02-24,UAL,1202,BOS,EWR,,,,,false,,2019-02-24T18:00,2019-02-24T19:18,,,,,2019-02-24T19:40,2019-02-24T20:42,Boeing 737-900ER,,,,,,,,02c057ca-3e11-4983-afab-76cc589dfdc5,b57b4c86-4724-48f1-80be-d7de4036004a,813ec62f-c303-44d9-a041-a4434d6fd652,4427d229-a1e2-4955-81fa-9b5c0f103f12,,24012541-435d-4a27-af8a-4791336f1965
2019-02-24,UAL,4921,EWR,GSO,C,130X,Main,26,false,,2019-02-24T21:59,2019-02-24T21:54,,,,,2019-02-24T23:48,2019-02-24T23:51,Embraer RJ145,,,,,,,,f01a3fdf-d463-4350-a102-e5eaed2c647f,b57b4c86-4724-48f1-80be-d7de4036004a,4427d229-a1e2-4955-81fa-9b5c0f103f12,495f7a2c-679a-4106-9bd3-33cf38d13c95,,6358f527-1221-47d3-9170-26351f84ac05
2019-05-09,FDX,1074,GSO,MCO,,,,,false,,2019-05-09T03:30,2019-05-09T03:15,,,,,,2019-05-09T04:44,Boeing 757-200,,,,,,,,3fc3ef5d-65ed-4a1a-b836-63f36f3dd9ab,e8fb4a3e-0085-4ae3-99b7-09ce92a836c6,495f7a2c-679a-4106-9bd3-33cf38d13c95,85570a14-2373-4bad-a7b5-b3a9a7fdce90,,2c3a4012-9fb9-44fc-9a71-0b6cb336042e
2019-05-11,ASA,753,RDU,SEA,,,,,false,,2019-05-11T17:25,2019-05-11T17:43,,,,,2019-05-11T20:15,2019-05-11T20:15,Boeing 737-900ER,,,,,,,,0c19e7c7-c598-4b85-85f7-08e46191d66a,45411282-5411-46ac-89ce-720ab9efe700,7852b092-092d-4c60-a638-d43993aa2899,b3f217fd-4bc7-4806-9efe-abe9446a74df,,24012541-435d-4a27-af8a-4791336f1965
2019-05-12,DAL,2547,GSO,ATL,Main,34,S,B34,false,,2019-05-12T07:00,2019-05-12T06:59,,,,,2019-05-12T08:20,2019-05-12T08:36,McDonnell Douglas MD-88,,,,,,,,822c8f06-13e1-44b3-8cb5-c190c02790b0,a8765091-d043-44b1-936c-d217bb519e56,495f7a2c-679a-4106-9bd3-33cf38d13c95,6f0c1d11-cfef-4b33-b462-90379270f593,,766937e1-adaf-43ca-b3d1-e81bd5e37a90
2019-05-12,DAL,967,ATL,SEA,S,A29,A,2,false,,2019-05-12T09:40,2019-05-12T09:40,,,,,2019-05-12T11:59,2019-05-12T11:58,Boeing 757-300,,,,,,,,f9aef88b-4394-4e5e-87b2-406afe02a8f6,a8765091-d043-44b1-936c-d217bb519e56,6f0c1d11-cfef-4b33-b462-90379270f593,b3f217fd-4bc7-4806-9efe-abe9446a74df,,0e3e6575-bd45-480c-bd83-360ac9fc02d2
2019-05-12,AAL,260,MCO,MIA,,,,,false,,2019-05-12T11:27,2019-05-12T11:25,,,,,2019-05-12T12:34,2019-05-12T12:42,Boeing 737-800,,,,,,,,6f1e3f1c-edb0-4b96-bf60-b7f28270dcff,ae1fc6a5-c42d-4e70-ba63-d641d248d270,85570a14-2373-4bad-a7b5-b3a9a7fdce90,2a44ac82-ae36-48d1-87c0-e8cbb31ce45f,,8ad8530e-acd0-42bf-abc5-1e70c4a076bf
2019-05-13,CXA,846,SEA,SZX,S,16,T3,,false,,2019-05-13T12:45,,,,,,2019-05-14T18:00,2019-05-14T16:56,Boeing 787-8,,,,,,,,2db4c6e3-ce71-4d8c-8418-4c00e77fce4a,d0ee441b-1a09-4d7c-b736-c4c8b7155b60,b3f217fd-4bc7-4806-9efe-abe9446a74df,fe67fc1f-8483-4796-891a-81a54515c216,,4f948d40-962a-4fdf-b1d9-424282d24f76
2019-05-15,AAL,2657,MIA,MCO,,,,,false,,2019-05-15T06:59,2019-05-15T07:08,,,,,2019-05-15T08:06,2019-05-15T08:09,Boeing 737-800,,,,,,,,77fef59d-3258-4bd1-9ca1-ee78a01aa432,ae1fc6a5-c42d-4e70-ba63-d641d248d270,2a44ac82-ae36-48d1-87c0-e8cbb31ce45f,85570a14-2373-4bad-a7b5-b3a9a7fdce90,,8ad8530e-acd0-42bf-abc5-1e70c4a076bf
2019-05-15,NKS,490,MCO,GSO,,,,,false,,2019-05-15T12:06,2019-05-15T12:13,,,,,2019-05-15T13:45,2019-05-15T14:04,Airbus A319,,,,,,,,f1004863-24e4-4229-96ae-b56827643271,ffe5c844-1817-47ed-ab7c-6b41364be364,85570a14-2373-4bad-a7b5-b3a9a7fdce90,495f7a2c-679a-4106-9bd3-33cf38d13c95,,fb8254ff-1d83-4fe1-a147-882c217dfcbe
2019-06-23,CAL,586,SZX,KHH,T3,3,I,32,false,,2019-06-23T11:30,2019-06-23T11:43,,,,,2019-06-23T13:05,,Airbus A330-300,,,,,,,,18baa28d-bf6e-47ec-be42-fa13e1b5370e,772d4949-a060-41e4-b4d4-6aff942bbf73,fe67fc1f-8483-4796-891a-81a54515c216,77606594-6158-43fc-8eba-79f0ff99f8f5,,6eab475b-ae92-46cd-a1b8-66937c85f7cc
2019-07-05,CAL,527,TPE,SZX,1,A8,T3,,false,,2019-07-05T14:50,2019-07-05T14:50,,,,,2019-07-05T16:45,2019-07-05T16:43,Boeing 747-400,,,,,,,,23329e6e-b71f-452f-b7f5-9ede03c92d77,772d4949-a060-41e4-b4d4-6aff942bbf73,1a0ff314-4db9-43eb-aef0-59d40b78505b,fe67fc1f-8483-4796-891a-81a54515c216,,c71ef305-0d60-4253-9650-b4f6eaf4713c
2019-08-21,CPA,5704,HKG,KWL,1,506,2,,false,,2019-08-21T09:00,2019-08-21T08:48,,,,,2019-08-21T10:30,2019-08-21T10:15,Airbus A320,,,,,,,,5d21aa4f-90e7-4552-9ed2-51e7ff998d03,8508d82c-f03a-4c99-88d8-46ede5aceb6d,7da61aa8-3d56-411b-8be5-50a198e86c60,0e5a36ee-c58a-474c-a839-a48eb96e08e5,,dd390a1f-e92a-4411-ab72-04db16d42030
2019-08-21,CPA,5703,KWL,HKG,,,1,,false,,2019-08-21T11:25,2019-08-21T11:07,,,,,2019-08-21T12:55,2019-08-21T12:24,Airbus A320,,,,,,,,19e33bfd-f41c-4584-85e2-a0797b0751d0,8508d82c-f03a-4c99-88d8-46ede5aceb6d,0e5a36ee-c58a-474c-a839-a48eb96e08e5,7da61aa8-3d56-411b-8be5-50a198e86c60,,dd390a1f-e92a-4411-ab72-04db16d42030
2019-08-23,CSN,4021,SZX,SEA,T3,9,,,false,,2019-08-23T12:45,2019-08-23T14:16,,,,,2019-08-23T10:15,,Boeing 787-8,,,,,,,,367aa969-df12-4ad3-b7f4-06038e989ad8,255d4d33-d2aa-4a84-bc7d-0613c507151f,fe67fc1f-8483-4796-891a-81a54515c216,b3f217fd-4bc7-4806-9efe-abe9446a74df,,4f948d40-962a-4fdf-b1d9-424282d24f76
2019-08-23,UAL,1451,SEA,SFO,,,,,false,,2019-08-23T15:55,2019-08-23T15:50,,,,,2019-08-23T18:07,2019-08-23T17:58,Airbus A320,,,,,,,,eb08a4c0-455c-4aea-a241-6b314666096d,b57b4c86-4724-48f1-80be-d7de4036004a,b3f217fd-4bc7-4806-9efe-abe9446a74df,9b0faf9d-6e26-44ce-88d6-f30a340ea2b7,,dd390a1f-e92a-4411-ab72-04db16d42030
2019-08-23,UAL,1608,SFO,RDU,,,,,false,,2019-08-23T22:00,2019-08-23T21:57,,,,,2019-08-24T06:04,2019-08-24T06:18,Boeing 737-900ER,,,,,,,,232ce73c-3395-4460-b8b7-9463c81d1eb0,b57b4c86-4724-48f1-80be-d7de4036004a,9b0faf9d-6e26-44ce-88d6-f30a340ea2b7,7852b092-092d-4c60-a638-d43993aa2899,,24012541-435d-4a27-af8a-4791336f1965
2019-11-27,AAL,3741,GSO,LGA,Main,42,B,D2,false,,2019-11-27T18:11,2019-11-27T18:16,,,,,2019-11-27T19:54,2019-11-27T19:54,Embraer RJ135,,,,,,,,cba81fda-eef5-4873-bab9-50db318c321b,ae1fc6a5-c42d-4e70-ba63-d641d248d270,495f7a2c-679a-4106-9bd3-33cf38d13c95,dfeb8457-3376-49f8-b542-dbeb2ec9f719,,49a15aca-54a5-4c54-a7dc-6ac87a01b84e
2019-12-02,AAL,4156,LGA,GSO,B,C1,Main,50,false,,2019-12-02T17:50,2019-12-02T20:22,,,,,2019-12-02T19:48,2019-12-02T22:29,Embraer RJ135,,,,,,,,61923c46-1209-4799-a9bd-e1eb4472037c,ae1fc6a5-c42d-4e70-ba63-d641d248d270,dfeb8457-3376-49f8-b542-dbeb2ec9f719,495f7a2c-679a-4106-9bd3-33cf38d13c95,,49a15aca-54a5-4c54-a7dc-6ac87a01b84e
2019-12-14,AAL,1891,CLT,EWR,,,,,false,,2019-12-14T14:43,2019-12-14T14:47,,,,,2019-12-14T16:37,2019-12-14T16:51,Airbus A320,,,,,,,,0a78db05-3bb3-4b15-93d4-b35ac37ac5a5,ae1fc6a5-c42d-4e70-ba63-d641d248d270,9bafd1d5-34a5-4ba8-b6af-61d3350d5912,4427d229-a1e2-4955-81fa-9b5c0f103f12,,dd390a1f-e92a-4411-ab72-04db16d42030
2019-12-15,CHH,7916,JFK,CTU,4,,T1,,false,,2019-12-15T01:50,2019-12-15T02:04,,,,,2019-12-16T05:55,2019-12-16T05:21,Boeing 787-9,,,,,,,,13386f73-b3fb-4e4e-b6f5-39beb830c74e,0f72443f-2b6b-46d8-92f7-94f57e6c4bea,fc332185-4dde-4791-b449-0de5e83e47b9,b0c5320c-15c1-4f40-b789-0cfe491aeb91,,c4910e5e-2c05-4d17-bc08-fa0c8c0b77d9
2019-12-16,CHH,7742,CTU,SZX,T2,150,T3,,false,,2019-12-16T11:15,2019-12-16T11:40,,,,,2019-12-16T13:35,2019-12-16T14:03,Airbus A330-200,,,,,,,,dd75097c-6651-46e3-acd8-19133529c14a,0f72443f-2b6b-46d8-92f7-94f57e6c4bea,b0c5320c-15c1-4f40-b789-0cfe491aeb91,fe67fc1f-8483-4796-891a-81a54515c216,,b592e11d-fad7-492c-9c29-998f09eed93e
2020-01-10,CHH,7057,SZX,CKG,T3,21,T3,,false,,2020-01-10T12:20,2020-01-10T12:21,,,,,2020-01-10T14:40,2020-01-10T14:40,Boeing 787-8,,,,,,,,97fa2d2d-f431-4649-9606-ad3ab397c241,0f72443f-2b6b-46d8-92f7-94f57e6c4bea,fe67fc1f-8483-4796-891a-81a54515c216,e1bae218-a685-4595-9d35-a07859dcfbc0,,4f948d40-962a-4fdf-b1d9-424282d24f76
2020-01-10,CHH,415,CKG,JFK,T3,,4,,false,,2020-01-10T21:50,2020-01-10T21:46,,,,,2020-01-10T23:50,2020-01-10T23:52,Boeing 787-9,,,,,,,,70c1b430-42c9-4874-a509-a6ae2483d529,0f72443f-2b6b-46d8-92f7-94f57e6c4bea,e1bae218-a685-4595-9d35-a07859dcfbc0,fc332185-4dde-4791-b449-0de5e83e47b9,,c4910e5e-2c05-4d17-bc08-fa0c8c0b77d9
2020-01-11,AAL,1380,EWR,CLT,,,,,false,,2020-01-11T10:08,2020-01-11T10:05,,,,,2020-01-11T12:27,2020-01-11T12:01,Airbus A321,,,,,,,,558467d9-c0af-41ce-b5b7-550d9084349d,ae1fc6a5-c42d-4e70-ba63-d641d248d270,4427d229-a1e2-4955-81fa-9b5c0f103f12,9bafd1d5-34a5-4ba8-b6af-61d3350d5912,,5904cdc2-eccf-41fe-8345-e82a51d3269c
2020-01-15,UAL,3938,GSO,IAD,Main,20,Main,A5A,false,,2020-01-15T10:00,2020-01-15T09:50,,,,,2020-01-15T11:10,2020-01-15T10:52,Bombardier CRJ200,,,,,,,,e2483bb1-415a-4dfc-a85f-32bc6296d831,b57b4c86-4724-48f1-80be-d7de4036004a,495f7a2c-679a-4106-9bd3-33cf38d13c95,519696f5-bda6-457c-ae4c-dd1cb07e20de,,758963aa-0757-419b-975d-20740a3ab5b8
2020-01-15,UAL,3773,IAD,ITH,Main,A5C,,,false,,2020-01-15T13:00,2020-01-15T12:50,,,,,2020-01-15T14:16,2020-01-15T13:57,Bombardier CRJ200,,,,,,,,bdb593e1-5820-4737-a8c5-5778c13cbf83,b57b4c86-4724-48f1-80be-d7de4036004a,519696f5-bda6-457c-ae4c-dd1cb07e20de,5d964d40-3ee0-4357-ab11-e0dc8f515fdb,,758963aa-0757-419b-975d-20740a3ab5b8
2020-05-24,DAL,3573,ITH,DTW,,,M,B2,false,,2020-05-24T13:21,2020-05-24T13:16,,,,,2020-05-24T14:51,2020-05-24T14:29,Bombardier CRJ200,,,,,,,,78faa822-fb40-4f61-8d62-4e3baf921360,a8765091-d043-44b1-936c-d217bb519e56,5d964d40-3ee0-4357-ab11-e0dc8f515fdb,8eee2bc8-dcbf-4b7b-a221-e38cce7c823a,,758963aa-0757-419b-975d-20740a3ab5b8
2020-05-24,DAL,1763,DTW,SLC,,,,,false,,2020-05-24T17:50,2020-05-24T17:49,,,,,2020-05-24T19:35,2020-05-24T19:32,Airbus A321,,,,,,,,eb1a79fb-e5f0-410a-a3d0-243c6dc734d2,a8765091-d043-44b1-936c-d217bb519e56,8eee2bc8-dcbf-4b7b-a221-e38cce7c823a,a9fd3eb2-255a-4372-9c86-ff4f7ee1d2c1,,5904cdc2-eccf-41fe-8345-e82a51d3269c
2020-05-24,DAL,838,SLC,SFO,2,C2,1,C8,false,,2020-05-24T20:33,2020-05-24T21:26,,,,,2020-05-24T21:33,2020-05-24T22:13,Airbus A220-100,,,,,,,,1ca7e450-47cc-4ebf-8ced-6097d7d88487,a8765091-d043-44b1-936c-d217bb519e56,a9fd3eb2-255a-4372-9c86-ff4f7ee1d2c1,9b0faf9d-6e26-44ce-88d6-f30a340ea2b7,,08f3690a-67fe-4be4-8138-cc20b688f722
2020-08-20,DAL,810,SFO,ATL,2,C4,S,B27,false,,2020-08-20T23:40,2020-08-20T23:34,,,,,2020-08-21T07:10,2020-08-21T07:02,Boeing 737-900ER,,,,,,,,7e57ea4f-457b-4de7-9fde-f25e187cf904,a8765091-d043-44b1-936c-d217bb519e56,9b0faf9d-6e26-44ce-88d6-f30a340ea2b7,6f0c1d11-cfef-4b33-b462-90379270f593,,24012541-435d-4a27-af8a-4791336f1965
2020-08-21,DAL,95,ATL,DTW,S,A30,EM,A68,false,,2020-08-21T09:40,2020-08-21T09:39,,,,,2020-08-21T11:31,2020-08-21T11:19,Airbus A321,,,,,,,,a536fb31-de4c-4769-8bfc-6852b8fd5b05,a8765091-d043-44b1-936c-d217bb519e56,6f0c1d11-cfef-4b33-b462-90379270f593,8eee2bc8-dcbf-4b7b-a221-e38cce7c823a,,5904cdc2-eccf-41fe-8345-e82a51d3269c
2020-08-21,DAL,3779,DTW,ITH,EM,B16,,,false,,2020-08-21T14:07,2020-08-21T14:05,,,,,2020-08-21T15:27,2020-08-21T15:16,Bombardier CRJ200,,,,,,,,af17eccb-b41c-4b39-91da-3af0b600a77c,a8765091-d043-44b1-936c-d217bb519e56,8eee2bc8-dcbf-4b7b-a221-e38cce7c823a,5d964d40-3ee0-4357-ab11-e0dc8f515fdb,,758963aa-0757-419b-975d-20740a3ab5b8
2021-01-09,UAL,292,BWI,ORD,,D15,1,B9,false,,2021-01-09T15:15,2021-01-09T15:08,,,,,2021-01-09T16:22,2021-01-09T15:58,Boeing 737-800,,,,,,,,3a0fa904-28f3-4278-a45c-07131f7f9469,b57b4c86-4724-48f1-80be-d7de4036004a,4923b37c-381e-48e6-ba91-7c75d4151f64,a5eff314-18e7-4c87-bd38-0131882f1b8d,,8ad8530e-acd0-42bf-abc5-1e70c4a076bf
2021-01-15,AAL,2817,ORD,CLT,3,H12,,B15,false,,2021-01-15T13:45,2021-01-15T14:00,,,,,2021-01-15T16:41,2021-01-15T16:50,Airbus A320,,,,,,,,9521399d-32bc-48b4-aad2-37802504258c,ae1fc6a5-c42d-4e70-ba63-d641d248d270,a5eff314-18e7-4c87-bd38-0131882f1b8d,9bafd1d5-34a5-4ba8-b6af-61d3350d5912,,dd390a1f-e92a-4411-ab72-04db16d42030
2021-01-15,AAL,6141,CLT,ITH,,E12,,5,false,,2021-01-15T18:10,2021-01-15T18:24:16,,,,,2021-01-15T20:09,2021-01-15T19:55,Embraer RJ145,,,,,,,,61965c0b-038d-4200-96e9-cf344877b3cb,ae1fc6a5-c42d-4e70-ba63-d641d248d270,9bafd1d5-34a5-4ba8-b6af-61d3350d5912,5d964d40-3ee0-4357-ab11-e0dc8f515fdb,,6358f527-1221-47d3-9170-26351f84ac05
2021-04-22,DAL,4809,SYR,JFK,,25,4,B51,false,,2021-04-22T17:12,2021-04-22T17:07,,,,,2021-04-22T18:44,2021-04-22T18:10,Bombardier CRJ200,,,,,,,,55d7efff-eda3-43a2-af71-91322f473d91,a8765091-d043-44b1-936c-d217bb519e56,04dfaf2c-d811-4637-8401-75c6c35c10f8,fc332185-4dde-4791-b449-0de5e83e47b9,,758963aa-0757-419b-975d-20740a3ab5b8
2021-04-22,DAL,5763,JFK,DCA,4,B33,B,20,false,,2021-04-22T19:59,2021-04-22T19:52,,,,,2021-04-22T21:48,2021-04-22T21:10,Embraer 175,,,,,,,,a86a9ece-6f0c-44b5-92fb-7e18b3ef63f2,a8765091-d043-44b1-936c-d217bb519e56,fc332185-4dde-4791-b449-0de5e83e47b9,be38c6f9-3dd7-41e2-baf8-929dbd2b54f3,,36728d5b-40cd-46ec-93ba-8822376b565d
2021-04-26,DAL,985,DCA,JFK,B,18,4,B39,false,,2021-04-26T17:12,2021-04-26T17:11,,,,,2021-04-26T18:45,2021-04-26T18:12,Airbus A220-100,,,,,,,,10e98f01-b5fa-4fa0-8b0b-31c18e467c3b,a8765091-d043-44b1-936c-d217bb519e56,be38c6f9-3dd7-41e2-baf8-929dbd2b54f3,fc332185-4dde-4791-b449-0de5e83e47b9,,08f3690a-67fe-4be4-8138-cc20b688f722
2021-04-26,DAL,5036,JFK,SYR,4,B51,,23,false,,2021-04-26T20:59,2021-04-26T20:49,,,,,2021-04-26T22:30,2021-04-26T22:02,"Bombardier CRJ900 ",,,,,,,,83076603-583e-4b1a-9adf-fca2140c15b2,a8765091-d043-44b1-936c-d217bb519e56,fc332185-4dde-4791-b449-0de5e83e47b9,04dfaf2c-d811-4637-8401-75c6c35c10f8,,8a4bd3f7-3aac-4e32-8a52-07e5525b36e3
2021-10-10,UAL,3873,ITH,IAD,,3,Main,A4B,false,,2021-10-10T10:35,2021-10-10T10:36,,,,,2021-10-10T11:50,2021-10-10T11:40,Bombardier CRJ200,,,,,,,,3591d667-e8da-46b0-9885-208533f11a83,b57b4c86-4724-48f1-80be-d7de4036004a,5d964d40-3ee0-4357-ab11-e0dc8f515fdb,519696f5-bda6-457c-ae4c-dd1cb07e20de,,758963aa-0757-419b-975d-20740a3ab5b8
2021-10-10,UAL,3927,IAD,GSO,Main,A5A,Main,22,false,,2021-10-10T13:00,2021-10-10T12:53,,,,,2021-10-10T14:17,2021-10-10T14:10,Bombardier CRJ200,,,,,,,,5b58011e-9c0e-4711-9487-9ad9881cf208,b57b4c86-4724-48f1-80be-d7de4036004a,519696f5-bda6-457c-ae4c-dd1cb07e20de,495f7a2c-679a-4106-9bd3-33cf38d13c95,,758963aa-0757-419b-975d-20740a3ab5b8
2021-10-13,UAL,3757,GSO,IAD,Main,22,Main,A5A,false,,2021-10-13T19:59,2021-10-13T20:07,,,,,2021-10-13T21:14,2021-10-13T21:25,Bombardier CRJ200,,,,,,,,09cd8354-e52e-45c1-8a3d-22c1e83b9921,b57b4c86-4724-48f1-80be-d7de4036004a,495f7a2c-679a-4106-9bd3-33cf38d13c95,519696f5-bda6-457c-ae4c-dd1cb07e20de,,758963aa-0757-419b-975d-20740a3ab5b8
2021-10-13,UAL,3940,IAD,ITH,Main,A5B,,,false,,2021-10-13T22:10,2021-10-13T22:10,,,,,2021-10-13T23:26,2021-10-13T23:36,Bombardier CRJ200,,,,,,,,21e24683-6336-4776-95ed-553c01ff59d6,b57b4c86-4724-48f1-80be-d7de4036004a,519696f5-bda6-457c-ae4c-dd1cb07e20de,5d964d40-3ee0-4357-ab11-e0dc8f515fdb,,758963aa-0757-419b-975d-20740a3ab5b8
2022-03-03,DAL,5338,ITH,DTW,,,EM,C14,false,,2022-03-03T14:30,2022-03-03T14:25,,,,,2022-03-03T16:13,2022-03-03T15:51,Bombardier CRJ200,,,,,,,,36a282f0-2575-45e9-9769-05e34941f42f,a8765091-d043-44b1-936c-d217bb519e56,5d964d40-3ee0-4357-ab11-e0dc8f515fdb,8eee2bc8-dcbf-4b7b-a221-e38cce7c823a,,758963aa-0757-419b-975d-20740a3ab5b8
2022-03-03,DAL,1140,DTW,ORD,EM,A25,2,E7,false,,2022-03-03T18:10,2022-03-03T18:08,,,,,2022-03-03T18:40,2022-03-03T18:26,Boeing 717-200,,,,,,,,2521a020-f8fc-4974-bc3f-d2c8cb10ee6d,a8765091-d043-44b1-936c-d217bb519e56,8eee2bc8-dcbf-4b7b-a221-e38cce7c823a,a5eff314-18e7-4c87-bd38-0131882f1b8d,,92a68bee-2e3c-4fc9-975a-20b0d93ac3ed
2022-03-06,DAL,5155,MDW,DTW,,A5,EM,A59,false,,2022-03-06T09:38,2022-03-06T09:27,,,,,2022-03-06T11:49,2022-03-06T11:24,Bombardier CRJ700,,,,,,,,e844a54d-77df-40e7-bb36-9040d92c734f,a8765091-d043-44b1-936c-d217bb519e56,b1bccd34-3f11-416a-998f-65cc527ca2a0,8eee2bc8-dcbf-4b7b-a221-e38cce7c823a,,1404a49a-a829-47ff-b37b-6c9273f21c77
2022-03-06,DAL,5338,DTW,ITH,EM,A71,,,false,,2022-03-06T12:20,2022-03-06T12:15,,,,,2022-03-06T13:47,2022-03-06T13:13,"Bombardier CRJ900 ",,,,,,,,6d54c2ab-e544-4523-8ece-a17f346f178c,a8765091-d043-44b1-936c-d217bb519e56,8eee2bc8-dcbf-4b7b-a221-e38cce7c823a,5d964d40-3ee0-4357-ab11-e0dc8f515fdb,,8a4bd3f7-3aac-4e32-8a52-07e5525b36e3
2022-04-04,FFT,2695,SYR,MIA,,20,,F9,false,,2022-04-04T10:00,2022-04-04T10:06,,,,,2022-04-04T13:30,2022-04-04T13:24,Airbus A320neo,,,,,,,,a5e954eb-5a1b-4e72-85eb-df410820fbb3,382ef70a-2039-46de-bdbd-5b8aa0aeb0f7,04dfaf2c-d811-4637-8401-75c6c35c10f8,2a44ac82-ae36-48d1-87c0-e8cbb31ce45f,,fc3bd268-833c-40f4-a74c-9512dabcbe08
2022-04-08,FFT,2694,MIA,SYR,,F9,,20,false,,2022-04-08T06:00,2022-04-08T05:55,,,,,2022-04-08T09:15,2022-04-08T08:53,Airbus A320neo,,,,,,,,d62b2ada-0d7e-4d74-bc5d-c24763cd8da2,382ef70a-2039-46de-bdbd-5b8aa0aeb0f7,2a44ac82-ae36-48d1-87c0-e8cbb31ce45f,04dfaf2c-d811-4637-8401-75c6c35c10f8,,fc3bd268-833c-40f4-a74c-9512dabcbe08
2022-06-06,UAL,4354,SYR,IAD,,26,,A6B,false,,2022-06-06T19:49,2022-06-06T19:40,,,,,2022-06-06T21:20,2022-06-06T20:49,Embraer RJ145,,,,,,,,96cf6293-b633-41d0-9848-4e066552781a,b57b4c86-4724-48f1-80be-d7de4036004a,04dfaf2c-d811-4637-8401-75c6c35c10f8,519696f5-bda6-457c-ae4c-dd1cb07e20de,,6358f527-1221-47d3-9170-26351f84ac05
2022-07-23,DAL,2229,JFK,SFO,4,B36,2,C8,false,,2022-07-23T15:55,2022-07-23T17:51,,,,,2022-07-23T19:59,2022-07-23T20:58,Boeing 767-300,,,,,,,,ef54d048-9998-464b-a092-e36b2d9eb844,a8765091-d043-44b1-936c-d217bb519e56,fc332185-4dde-4791-b449-0de5e83e47b9,9b0faf9d-6e26-44ce-88d6-f30a340ea2b7,,3e31e7b6-cfc1-4a82-b88b-bbb8ecad73c3
2022-08-23,DAL,325,SFO,JFK,2,C9,4,B22,false,,2022-08-23T15:15,2022-08-23T15:12,,,,,2022-08-23T23:58,2022-08-23T23:43,Boeing 767-300,,,,,,,,7e90b387-06b6-4864-ae64-fdc93dfe1f94,a8765091-d043-44b1-936c-d217bb519e56,9b0faf9d-6e26-44ce-88d6-f30a340ea2b7,fc332185-4dde-4791-b449-0de5e83e47b9,,3e31e7b6-cfc1-4a82-b88b-bbb8ecad73c3
2022-09-17,NKS,1401,EWR,FLL,B,42,4,G12,false,,2022-09-17T11:35,2022-09-17T11:33,,,,,2022-09-17T14:31,2022-09-17T14:36,Airbus A321,,,,,,,,dec7b5e4-554e-46cc-a4bd-506da03a0489,ffe5c844-1817-47ed-ab7c-6b41364be364,4427d229-a1e2-4955-81fa-9b5c0f103f12,5420aa1f-50fb-46f2-b2e8-b7e99ff9f4fb,,5904cdc2-eccf-41fe-8345-e82a51d3269c
2022-09-18,NKS,857,FLL,LGA,4,G12,A,A3,false,,2022-09-18T12:59,2022-09-18T13:20,,,,,2022-09-18T15:53,2022-09-18T16:04,Airbus A321,,,,,,,,8f656a0e-dd30-46fa-9cdd-366b1fb25147,ffe5c844-1817-47ed-ab7c-6b41364be364,5420aa1f-50fb-46f2-b2e8-b7e99ff9f4fb,dfeb8457-3376-49f8-b542-dbeb2ec9f719,,5904cdc2-eccf-41fe-8345-e82a51d3269c
2022-09-19,NKS,3173,MIA,LGA,,G10,A,A4,false,,2022-09-19T16:01,2022-09-19T15:57,,,,,2022-09-19T19:00,2022-09-19T19:23,Airbus A321,,,,,,,,83c35cde-70b7-42b9-ad8b-8e108a6244ab,ffe5c844-1817-47ed-ab7c-6b41364be364,2a44ac82-ae36-48d1-87c0-e8cbb31ce45f,dfeb8457-3376-49f8-b542-dbeb2ec9f719,,5904cdc2-eccf-41fe-8345-e82a51d3269c
2022-11-05,AAL,2036,LGA,CLT,B,30,Main,C6,false,,2022-11-05T10:00,2022-11-05T09:54,,,,,2022-11-05T12:10,2022-11-05T11:57,Airbus A321,,,,,,,,ffe12e61-3fcc-4ad0-96c9-3692f28ba3ce,ae1fc6a5-c42d-4e70-ba63-d641d248d270,dfeb8457-3376-49f8-b542-dbeb2ec9f719,9bafd1d5-34a5-4ba8-b6af-61d3350d5912,,5904cdc2-eccf-41fe-8345-e82a51d3269c
2022-11-05,AAL,1897,CLT,RDU,Main,B10,2,C15,false,,2022-11-05T13:00,2022-11-05T13:09,,,,,2022-11-05T13:56,2022-11-05T14:01,Boeing 737-800,,,,,,,,d8d7ca93-a254-41ff-b884-5e609b4b0fe1,ae1fc6a5-c42d-4e70-ba63-d641d248d270,9bafd1d5-34a5-4ba8-b6af-61d3350d5912,7852b092-092d-4c60-a638-d43993aa2899,,8ad8530e-acd0-42bf-abc5-1e70c4a076bf
2022-11-08,AAL,1826,RDU,LGA,2,C11,B,20,false,,2022-11-08T19:32,2022-11-08T19:25,,,,,2022-11-08T21:06,2022-11-08T21:35,Airbus A319,,,,,,,,aff1554b-fc7d-4b43-822c-ad01b3a11b70,ae1fc6a5-c42d-4e70-ba63-d641d248d270,7852b092-092d-4c60-a638-d43993aa2899,dfeb8457-3376-49f8-b542-dbeb2ec9f719,,fb8254ff-1d83-4fe1-a147-882c217dfcbe
2022-12-02,NKS,713,EWR,PIT,B,41A,Main,B33,false,,2022-12-02T11:55,2022-12-02T13:08,,,,,2022-12-02T13:20,2022-12-02T14:16,Airbus A320neo,,,,,,,,f342d0a7-3f02-42aa-88d4-bac6eb8f81ab,ffe5c844-1817-47ed-ab7c-6b41364be364,4427d229-a1e2-4955-81fa-9b5c0f103f12,55394d7e-5085-44dc-8919-ae570e6305b3,,fc3bd268-833c-40f4-a74c-9512dabcbe08
2022-12-04,NKS,714,PIT,EWR,Main,B33,B,42,false,,2022-12-04T14:10,2022-12-04T14:13,,,,,2022-12-04T15:20,2022-12-04T15:39,Airbus A320,,,,,,,,729da52f-6efe-4b03-ba64-f930a97bfe19,ffe5c844-1817-47ed-ab7c-6b41364be364,55394d7e-5085-44dc-8919-ae570e6305b3,4427d229-a1e2-4955-81fa-9b5c0f103f12,,dd390a1f-e92a-4411-ab72-04db16d42030
2023-01-04,KQA,3,JFK,NBO,4,,1A,,false,,2023-01-04T13:45,2023-01-04T14:27:34,,,,,2023-01-05T11:15,,Boeing 787-8,,,,,,,,2c34e3bc-6c2c-410f-96f3-e9e7e238fc47,a90ab660-a9f7-429a-a38e-2fcfb77d22da,fc332185-4dde-4791-b449-0de5e83e47b9,1d57d488-de08-4ab4-aa8b-f9afce1fc64c,,4f948d40-962a-4fdf-b1d9-424282d24f76
2023-01-13,KQA,2,NBO,JFK,1A,,4,,false,,2023-01-13T23:35,2023-01-14T00:51:30,,,,,2023-01-14T06:35,,Boeing 787-8,,,,,,,,89fb037b-a376-4d28-b9c6-2781076f59ff,a90ab660-a9f7-429a-a38e-2fcfb77d22da,1d57d488-de08-4ab4-aa8b-f9afce1fc64c,fc332185-4dde-4791-b449-0de5e83e47b9,,4f948d40-962a-4fdf-b1d9-424282d24f76
2023-03-23,UAL,363,EWR,HNL,C,126,2,G1,false,,2023-03-23T08:30,2023-03-23T08:49,,,,,2023-03-23T13:51,2023-03-23T14:37,Boeing 767-400,,,,,,,,6d3aa2f0-5e92-46d9-990a-6315c16af55c,b57b4c86-4724-48f1-80be-d7de4036004a,4427d229-a1e2-4955-81fa-9b5c0f103f12,520bf633-9001-4347-9db0-5aa228ee7c30,,dae07e29-15b1-4f35-9552-d70888135843
2023-03-26,UAL,362,HNL,EWR,2,G2,C,C120,false,,2023-03-26T14:50,2023-03-26T14:58,,,,,2023-03-27T06:36,2023-03-27T06:07,Boeing 767-400,,,,,,,,c376c12b-149c-4db3-8d6f-f53bc6829740,b57b4c86-4724-48f1-80be-d7de4036004a,520bf633-9001-4347-9db0-5aa228ee7c30,4427d229-a1e2-4955-81fa-9b5c0f103f12,,dae07e29-15b1-4f35-9552-d70888135843
2023-05-10,AAL,4802,LGA,RDU,B,15,2,C22,false,,2023-05-10T22:00,2023-05-10T21:54,,,,,2023-05-10T23:46,2023-05-10T23:21,Embraer 175,,,,,,,,e20a83ca-1ca2-4f89-b2f6-06e4b2cfeb1e,ae1fc6a5-c42d-4e70-ba63-d641d248d270,dfeb8457-3376-49f8-b542-dbeb2ec9f719,7852b092-092d-4c60-a638-d43993aa2899,,36728d5b-40cd-46ec-93ba-8822376b565d
2023-05-23,AAL,2992,RDU,LGA,2,C9,B,15,false,,2023-05-23T19:09,2023-05-23T18:57,,,,,2023-05-23T20:48,2023-05-23T20:19,Airbus A319,,,,,,,,7a22fa22-55e2-4dd2-bba6-2a128186f7ee,ae1fc6a5-c42d-4e70-ba63-d641d248d270,7852b092-092d-4c60-a638-d43993aa2899,dfeb8457-3376-49f8-b542-dbeb2ec9f719,,fb8254ff-1d83-4fe1-a147-882c217dfcbe
2023-06-11,UAL,2364,LGA,ORD,B,45,1,C21,false,,2023-06-11T08:00,2023-06-11T07:51,,,,,2023-06-11T09:37,2023-06-11T09:32,Boeing 737-700,,,,,,,,359ad943-54e4-42ab-a7d6-60a93f63a57d,b57b4c86-4724-48f1-80be-d7de4036004a,dfeb8457-3376-49f8-b542-dbeb2ec9f719,a5eff314-18e7-4c87-bd38-0131882f1b8d,,886c3a0c-c7a3-4205-982f-35cddc765ae1
2023-06-15,UAL,2673,ORD,LGA,2,F16,B,44,false,,2023-06-15T10:44,2023-06-15T10:45,,,,,2023-06-15T13:57,2023-06-15T14:00,Boeing 737-800,,,,,,,,44d038c5-e15f-467d-aed5-f41aad5f4c96,b57b4c86-4724-48f1-80be-d7de4036004a,a5eff314-18e7-4c87-bd38-0131882f1b8d,dfeb8457-3376-49f8-b542-dbeb2ec9f719,,8ad8530e-acd0-42bf-abc5-1e70c4a076bf
2023-10-14,DAL,1500,JFK,MSP,4,A11,1,D6,false,,2023-10-14T07:00,2023-10-14T06:56,,,,,2023-10-14T09:15,2023-10-14T08:48,Airbus A319,,,,,,,,dc1a33af-1795-4056-89df-6ce4bd2d93d5,a8765091-d043-44b1-936c-d217bb519e56,fc332185-4dde-4791-b449-0de5e83e47b9,e6471588-a4ac-43ed-85de-adb08f1c3410,,fb8254ff-1d83-4fe1-a147-882c217dfcbe
2023-10-19,DAL,1902,MSP,LGA,1,D2,C,74,false,,2023-10-19T19:57,2023-10-19T19:56,,,,,2023-10-19T23:44,2023-10-19T23:28,Airbus A321,,,,,,,,70215723-0f89-42c4-a7be-4f3909e7d1d1,a8765091-d043-44b1-936c-d217bb519e56,e6471588-a4ac-43ed-85de-adb08f1c3410,dfeb8457-3376-49f8-b542-dbeb2ec9f719,,5904cdc2-eccf-41fe-8345-e82a51d3269c
2023-10-28,AAL,428,LGA,DFW,B,12,A,A20,false,,2023-10-28T07:30,2023-10-28T07:21,,,,,2023-10-28T10:39,2023-10-28T10:40,Boeing 737-800,,,,,,,,7b437110-2d15-4a91-84de-e41f2778e0d4,ae1fc6a5-c42d-4e70-ba63-d641d248d270,dfeb8457-3376-49f8-b542-dbeb2ec9f719,1573100e-e4a3-47b0-9399-01b36074e1f5,,8ad8530e-acd0-42bf-abc5-1e70c4a076bf
2023-10-28,AAL,2834,DFW,SJC,C,C21,A,9,false,,2023-10-28T12:23,2023-10-28T12:26,,,,,2023-10-28T14:15,2023-10-28T14:12,Boeing 737-800,,,,,,,,77aadd56-3fcc-4184-b2f6-60e083e98f77,ae1fc6a5-c42d-4e70-ba63-d641d248d270,1573100e-e4a3-47b0-9399-01b36074e1f5,cdf0ec10-09ce-4bec-a0d0-f3e7511baae7,,8ad8530e-acd0-42bf-abc5-1e70c4a076bf
2023-11-07,AAL,2046,SJC,DFW,A,9,C,C4,false,,2023-11-07T11:55,2023-11-07T11:55,,,,,2023-11-07T17:23,2023-11-07T17:12,Boeing 737-800,,,,,,,,610d9445-572f-4d05-8fcd-40adfb32c253,ae1fc6a5-c42d-4e70-ba63-d641d248d270,cdf0ec10-09ce-4bec-a0d0-f3e7511baae7,1573100e-e4a3-47b0-9399-01b36074e1f5,,8ad8530e-acd0-42bf-abc5-1e70c4a076bf
2023-11-07,AAL,1726,DFW,LGA,B,B6,B,17,false,,2023-11-07T19:18,2023-11-07T19:15,,,,,2023-11-07T23:45,2023-11-07T23:37,Boeing 737-800,,,,,,,,98ff5b5f-921e-4b8e-a075-1d7fa71529f9,ae1fc6a5-c42d-4e70-ba63-d641d248d270,1573100e-e4a3-47b0-9399-01b36074e1f5,dfeb8457-3376-49f8-b542-dbeb2ec9f719,,8ad8530e-acd0-42bf-abc5-1e70c4a076bf
2023-12-17,AAL,1490,LGA,DFW,B,20,C,C4,false,,2023-12-17T07:30,2023-12-17T07:29,,,,,2023-12-17T10:52,2023-12-17T10:14,Boeing 737-800,,,,,,,,9a1fd32d-af41-43e3-a6ab-4fc034cec924,ae1fc6a5-c42d-4e70-ba63-d641d248d270,dfeb8457-3376-49f8-b542-dbeb2ec9f719,1573100e-e4a3-47b0-9399-01b36074e1f5,,8ad8530e-acd0-42bf-abc5-1e70c4a076bf
2023-12-17,AAL,2834,DFW,SJC,D,D20,A,9,false,,2023-12-17T11:43,2023-12-17T11:38,,,,,2023-12-17T13:36,2023-12-17T13:11,Boeing 737-800,,,,,,,,1df8e39d-29ca-4fa3-9f0f-cee4c34b73c8,ae1fc6a5-c42d-4e70-ba63-d641d248d270,1573100e-e4a3-47b0-9399-01b36074e1f5,cdf0ec10-09ce-4bec-a0d0-f3e7511baae7,,8ad8530e-acd0-42bf-abc5-1e70c4a076bf
2023-12-22,UAL,2013,SFO,MIA,2,D11,,H4,false,,2023-12-22T08:48,2023-12-22T08:51,,,,,2023-12-22T17:17,2023-12-22T17:07,Boeing 737 MAX 9,,,,,,,,2d090d98-b725-4272-94bc-4fc37138ca75,b57b4c86-4724-48f1-80be-d7de4036004a,9b0faf9d-6e26-44ce-88d6-f30a340ea2b7,2a44ac82-ae36-48d1-87c0-e8cbb31ce45f,,8240381a-dce7-4694-a1d8-4769a0c6507a
2023-12-29,UAL,1971,MIA,SFO,,H14,3,F19,false,,2023-12-29T18:23,2023-12-29T19:15,,,,,2023-12-29T21:53,2023-12-29T22:42,Boeing 737 MAX 8,,,,,,,,b4dcf1b8-f2f9-4a58-9239-a4f2b73c4c72,b57b4c86-4724-48f1-80be-d7de4036004a,2a44ac82-ae36-48d1-87c0-e8cbb31ce45f,9b0faf9d-6e26-44ce-88d6-f30a340ea2b7,,5ee1c1db-bf8c-475a-99b0-262bbc7a50b2
2024-01-09,AAL,2046,SJC,DFW,A,9,A,A25,false,,2024-01-09T12:07,2024-01-09T12:33,,,,,2024-01-09T17:34,2024-01-09T18:10,Boeing 737-800,,,,,,,,6e39f835-c667-44d0-9043-239da0fb48d5,ae1fc6a5-c42d-4e70-ba63-d641d248d270,cdf0ec10-09ce-4bec-a0d0-f3e7511baae7,1573100e-e4a3-47b0-9399-01b36074e1f5,,8ad8530e-acd0-42bf-abc5-1e70c4a076bf
2024-01-09,AAL,1726,DFW,LGA,D,D37,B,20,false,,2024-01-09T19:03,2024-01-09T19:00,,,,,2024-01-09T23:24,2024-01-09T23:35,Boeing 737-800,,,,,,,,1c8176e8-ca5e-41a8-916b-3802e8f01934,ae1fc6a5-c42d-4e70-ba63-d641d248d270,1573100e-e4a3-47b0-9399-01b36074e1f5,dfeb8457-3376-49f8-b542-dbeb2ec9f719,,8ad8530e-acd0-42bf-abc5-1e70c4a076bf
2024-02-09,JBU,1515,JFK,SFO,5,17,1,B7,false,,2024-02-09T15:50,2024-02-09T16:38,,,,,2024-02-09T19:31,2024-02-09T20:19,Airbus A321,,,,,,,,986692b5-2c04-4e62-8a32-16ae9a1281bc,765155ec-70b3-4183-9cd3-10d1f5127405,fc332185-4dde-4791-b449-0de5e83e47b9,9b0faf9d-6e26-44ce-88d6-f30a340ea2b7,,5904cdc2-eccf-41fe-8345-e82a51d3269c
2024-02-12,AAL,2046,SJC,DFW,A,9,B,B5,false,,2024-02-12T12:07,2024-02-12T12:10,,,,,2024-02-12T17:34,2024-02-12T17:28,Boeing 737-800,,,,,,,,9c554863-cffb-4bf7-a55f-ad6c201c35ba,ae1fc6a5-c42d-4e70-ba63-d641d248d270,cdf0ec10-09ce-4bec-a0d0-f3e7511baae7,1573100e-e4a3-47b0-9399-01b36074e1f5,,8ad8530e-acd0-42bf-abc5-1e70c4a076bf
2024-02-12,AAL,1726,DFW,LGA,C,C19,B,24,false,,2024-02-12T19:03,2024-02-12T21:13,,,,,2024-02-12T23:24,2024-02-13T01:16,Boeing 737 MAX 8,,,,,,,,7ab6db01-66ce-471c-bef7-20dc1581ecec,ae1fc6a5-c42d-4e70-ba63-d641d248d270,1573100e-e4a3-47b0-9399-01b36074e1f5,dfeb8457-3376-49f8-b542-dbeb2ec9f719,,5ee1c1db-bf8c-475a-99b0-262bbc7a50b2
2024-04-11,DAL,2121,LGA,MSP,C,84,1,C2,false,,2024-04-11T15:00,2024-04-11T14:58,,,,,2024-04-11T17:08,2024-04-11T16:54,Airbus A320,,,,,,,,9dab42db-f150-4633-b9e4-0e031111eb2b,a8765091-d043-44b1-936c-d217bb519e56,dfeb8457-3376-49f8-b542-dbeb2ec9f719,e6471588-a4ac-43ed-85de-adb08f1c3410,,dd390a1f-e92a-4411-ab72-04db16d42030
2024-04-13,DAL,1610,MSP,LGA,1,F8,C,88A,false,,2024-04-13T19:59,2024-04-13T19:53,,,,,2024-04-13T23:36,2024-04-13T23:19,Boeing 737-900ER,,,,,,,,deb502b8-7bd2-48a3-a4e5-54e3cea4c24c,a8765091-d043-44b1-936c-d217bb519e56,e6471588-a4ac-43ed-85de-adb08f1c3410,dfeb8457-3376-49f8-b542-dbeb2ec9f719,,24012541-435d-4a27-af8a-4791336f1965
2024-04-27,FFT,2829,LGA,RDU,B,42,2,D11,false,,2024-04-27T16:00,2024-04-27T17:50,,,,,2024-04-27T17:44,2024-04-27T19:25,Airbus A321neo,,,,,,,,b79d64bc-5e58-40b2-a1f9-1c9e6c2bc762,382ef70a-2039-46de-bdbd-5b8aa0aeb0f7,dfeb8457-3376-49f8-b542-dbeb2ec9f719,7852b092-092d-4c60-a638-d43993aa2899,,2e99cd6b-cec7-4ec7-a85e-dbc2b5e25a8f
2024-04-30,FFT,2438,RDU,LGA,2,D9,B,42,false,,2024-04-30T21:36,2024-04-30T23:24,,,,,2024-04-30T23:10,2024-05-01T01:09,Airbus A321neo,,,,,,,,d4bc9aed-3947-4728-83e2-3337dd1645cc,382ef70a-2039-46de-bdbd-5b8aa0aeb0f7,7852b092-092d-4c60-a638-d43993aa2899,dfeb8457-3376-49f8-b542-dbeb2ec9f719,,2e99cd6b-cec7-4ec7-a85e-dbc2b5e25a8f
2024-05-11,DAL,268,JFK,HNL,4,B32,2,G1,false,,2024-05-11T09:25,2024-05-11T09:24,,,,,2024-05-11T14:15,2024-05-11T13:50,Boeing 767-300,,,,,,,,66916817-45f2-414c-9f5e-bcd0287e864e,a8765091-d043-44b1-936c-d217bb519e56,fc332185-4dde-4791-b449-0de5e83e47b9,520bf633-9001-4347-9db0-5aa228ee7c30,,3e31e7b6-cfc1-4a82-b88b-bbb8ecad73c3
2024-05-17,DAL,190,HNL,JFK,2,F2,4,B38,false,,2024-05-17T17:15,2024-05-17T17:17,,,,,2024-05-18T09:08,2024-05-18T09:03,Boeing 767-300,,,,,,,,7138e584-8769-4a7d-8405-cd02c5de6c5c,a8765091-d043-44b1-936c-d217bb519e56,520bf633-9001-4347-9db0-5aa228ee7c30,fc332185-4dde-4791-b449-0de5e83e47b9,,3e31e7b6-cfc1-4a82-b88b-bbb8ecad73c3
2024-06-15,JBU,115,JFK,SFO,5,22,1,B15,false,,2024-06-15T09:40,2024-06-15T09:57,,,,,2024-06-15T13:00,2024-06-15T13:57,Airbus A321,,,,,,,,fdfcabe4-37da-4f36-8a5c-c6bf0dbfbaca,765155ec-70b3-4183-9cd3-10d1f5127405,fc332185-4dde-4791-b449-0de5e83e47b9,9b0faf9d-6e26-44ce-88d6-f30a340ea2b7,,5904cdc2-eccf-41fe-8345-e82a51d3269c
2024-06-27,JBU,616,SFO,JFK,1,B3,5,20,false,,2024-06-27T15:00,2024-06-27T14:58,,,,,2024-06-27T23:42,2024-06-27T23:06,Airbus A321neo,,,,,,,,3096e903-e2ee-4b5a-b5a6-45db27213fe6,765155ec-70b3-4183-9cd3-10d1f5127405,9b0faf9d-6e26-44ce-88d6-f30a340ea2b7,fc332185-4dde-4791-b449-0de5e83e47b9,,2e99cd6b-cec7-4ec7-a85e-dbc2b5e25a8f
2024-06-30,DAL,218,JFK,CPH,4,B36,2,C29,false,,2024-06-30T21:50,2024-07-01T00:01,,,,,2024-07-01T12:00,2024-07-01T13:03,Boeing 767-300,,,,,,,,d43b3c29-2c44-4966-85a5-54e4c8caf87f,a8765091-d043-44b1-936c-d217bb519e56,fc332185-4dde-4791-b449-0de5e83e47b9,09054701-0610-49f1-9bc4-e07200bdf095,,3e31e7b6-cfc1-4a82-b88b-bbb8ecad73c3
2024-07-05,ETH,725,CPH,VIE,2,C35,3,,false,,2024-07-05T19:25,2024-07-05T19:25,,,,,2024-07-05T21:05,2024-07-05T21:04,Boeing 787-9,,,,,,,,8cb99e2e-2c09-4981-b0b7-b85f0ddbfa69,b510dd1e-6789-47c5-9b06-50e46c82b74a,09054701-0610-49f1-9bc4-e07200bdf095,f14d8bd3-c692-4468-a9c2-7c89ab7a4ce4,,c4910e5e-2c05-4d17-bc08-fa0c8c0b77d9
2024-07-06,CHH,790,VIE,SZX,1,D70,,,false,,2024-07-06T11:05,2024-07-06T11:14,,,,,2024-07-07T04:00,2024-07-07T03:42,Boeing 787-9,,,,,,,,d7c35441-a892-42d8-ad7e-1eee3d5e340f,0f72443f-2b6b-46d8-92f7-94f57e6c4bea,f14d8bd3-c692-4468-a9c2-7c89ab7a4ce4,fe67fc1f-8483-4796-891a-81a54515c216,,c4910e5e-2c05-4d17-bc08-fa0c8c0b77d9
2024-08-05,CSZ,9514,PVG,SZX,2,C55,,,false,,2024-08-05T19:00,,,,,,2024-08-05T21:40,,Airbus A320,,,,,,,,c35df0ad-9f79-45b6-9a0b-fc8197532e3c,882ae493-92fd-4736-99aa-2a349ce76c91,94ecd389-4c82-477f-8502-261c27f5b6fa,fe67fc1f-8483-4796-891a-81a54515c216,,dd390a1f-e92a-4411-ab72-04db16d42030
2024-08-16,AAR,722,HKG,ICN,1,8,1,,false,,2024-08-16T13:05,2024-08-16T13:43,,,,,2024-08-16T17:30,,Airbus A321neo,,,,,,,,7a63cb2c-5ca7-4a18-9d49-c77d02752584,3c484b30-2d33-4171-9aa8-5496efac3560,7da61aa8-3d56-411b-8be5-50a198e86c60,ca56969b-d5b4-4d55-95ad-f7abb4fdede9,,2e99cd6b-cec7-4ec7-a85e-dbc2b5e25a8f
2024-08-16,HAL,460,ICN,HNL,1,39,2,C3,false,,2024-08-16T21:25,2024-08-16T21:34,,,,,2024-08-16T11:35,2024-08-16T12:23,Airbus A330-200,,,,,,,,af5a3c34-bb7a-40d0-9cf5-3d78873a8252,16ed4f70-8ae6-4430-80fe-370ac447fc96,ca56969b-d5b4-4d55-95ad-f7abb4fdede9,520bf633-9001-4347-9db0-5aa228ee7c30,,b592e11d-fad7-492c-9c29-998f09eed93e
2024-08-16,HAL,50,HNL,JFK,1,A10,4,A4,false,,2024-08-16T15:45,2024-08-16T15:40,,,,,2024-08-17T07:25,2024-08-17T06:48,Airbus A330-200,,,,,,,,5cbee623-297d-499f-8864-63012d587128,16ed4f70-8ae6-4430-80fe-370ac447fc96,520bf633-9001-4347-9db0-5aa228ee7c30,fc332185-4dde-4791-b449-0de5e83e47b9,,b592e11d-fad7-492c-9c29-998f09eed93e
2024-10-12,NKS,1667,LGA,PIT,A,6,Main,B33,false,,2024-10-12T15:28,2024-10-12T15:14,,,,,2024-10-12T17:04,2024-10-12T16:41,Airbus A321,,,,,,,,469b44d0-6815-472e-b7ea-fde66f5bd825,ffe5c844-1817-47ed-ab7c-6b41364be364,dfeb8457-3376-49f8-b542-dbeb2ec9f719,55394d7e-5085-44dc-8919-ae570e6305b3,,5904cdc2-eccf-41fe-8345-e82a51d3269c
2024-10-16,NKS,3929,PIT,LGA,Main,B33,A,6,false,,2024-10-16T18:04,2024-10-16T17:51,,,,,2024-10-16T19:29,2024-10-16T19:05,Airbus A321,,,,,,,,43e240e9-f837-444c-ac70-e46e8c449c36,ffe5c844-1817-47ed-ab7c-6b41364be364,55394d7e-5085-44dc-8919-ae570e6305b3,dfeb8457-3376-49f8-b542-dbeb2ec9f719,,5904cdc2-eccf-41fe-8345-e82a51d3269c
2024-12-10,UAL,1330,EWR,SEA,C,C85,Main,A12A,false,,2024-12-10T07:59,2024-12-10T07:55,,,,,2024-12-10T11:24,2024-12-10T10:51,Boeing 737 MAX 9,,,,,,,,f1a54b14-1e04-42a0-ab3a-af66a1761df8,b57b4c86-4724-48f1-80be-d7de4036004a,4427d229-a1e2-4955-81fa-9b5c0f103f12,b3f217fd-4bc7-4806-9efe-abe9446a74df,,8240381a-dce7-4694-a1d8-4769a0c6507a
2024-12-10,DAL,69,SEA,TPE,Main,S10,2,D9,false,,2024-12-10T15:15,2024-12-10T15:46,,,,,2024-12-11T21:05,2024-12-11T20:50,Airbus A330-900neo,,,,,,,,22b0ce3c-29bd-43c2-84de-52c399a16cbe,a8765091-d043-44b1-936c-d217bb519e56,b3f217fd-4bc7-4806-9efe-abe9446a74df,1a0ff314-4db9-43eb-aef0-59d40b78505b,,5b8cd90f-0c27-41d1-a4de-e80184085fd2
2024-12-17,HKE,113,TPE,HKG,1,B8,1,,false,,2024-12-17T14:50,2024-12-17T15:02,,,,,2024-12-17T16:55,2024-12-17T17:08,Airbus A321,,,,,,,,235321d5-c2c7-48f9-8b61-8d26c48bf0de,665a54fa-0b6e-4086-abe4-2a6b2dd5c1e5,1a0ff314-4db9-43eb-aef0-59d40b78505b,7da61aa8-3d56-411b-8be5-50a198e86c60,,5904cdc2-eccf-41fe-8345-e82a51d3269c
2024-12-21,CHH,7175,SZX,TFU,,366,2,,false,,2024-12-21T09:20,2024-12-21T09:42,,,,,2024-12-21T11:50,2024-12-21T12:09,Boeing 787-9,,,,,,,,20f23d3d-f553-4fe1-bc71-427a80757071,0f72443f-2b6b-46d8-92f7-94f57e6c4bea,fe67fc1f-8483-4796-891a-81a54515c216,40ec87e9-232a-46b1-b6fb-a8e4500b4e3d,,c4910e5e-2c05-4d17-bc08-fa0c8c0b77d9
2024-12-25,CCA,4335,CTU,SZX,2,164,,,false,,2024-12-25T17:00,,,,,,2024-12-25T19:30,,Airbus A330-300,,,,,,,,bcb04a80-9f00-4f92-a711-676f77f1ab4b,6d518838-0f6b-4a46-ae2a-efa5b86cdfc2,b0c5320c-15c1-4f40-b789-0cfe491aeb91,fe67fc1f-8483-4796-891a-81a54515c216,,6eab475b-ae92-46cd-a1b8-66937c85f7cc
2025-01-09,CAL,910,HKG,TPE,1,40,1,A2,false,,2025-01-09T14:05,2025-01-09T14:18,,,,,2025-01-09T15:50,2025-01-09T15:50,Airbus A321neo,,,,,,,,17e71cd8-7329-4021-ad6f-f845c2f2fc01,772d4949-a060-41e4-b4d4-6aff942bbf73,7da61aa8-3d56-411b-8be5-50a198e86c60,1a0ff314-4db9-43eb-aef0-59d40b78505b,,2e99cd6b-cec7-4ec7-a85e-dbc2b5e25a8f
2025-01-09,CAL,12,TPE,JFK,2,D7,4,,false,,2025-01-09T17:35,2025-01-09T17:48,,,,,2025-01-09T19:20,2025-01-09T19:14,Boeing 777-300 ER,,,,,,,,b487e21d-d091-4443-b144-a729a8730180,772d4949-a060-41e4-b4d4-6aff942bbf73,1a0ff314-4db9-43eb-aef0-59d40b78505b,fc332185-4dde-4791-b449-0de5e83e47b9,,78eac566-1ad0-4ded-9979-9510dfde05f2
2025-03-15,DAL,2577,EWR,DTW,A,A4,E,A55,false,,2025-03-15T12:36,2025-03-15T13:13,,,,,2025-03-15T14:32,2025-03-15T15:28,Boeing 717-200,,,,,,,,e5a05a3b-08d7-4fbc-9065-b1ede88eae88,a8765091-d043-44b1-936c-d217bb519e56,4427d229-a1e2-4955-81fa-9b5c0f103f12,8eee2bc8-dcbf-4b7b-a221-e38cce7c823a,,92a68bee-2e3c-4fc9-975a-20b0d93ac3ed
2025-03-15,DAL,442,DTW,SFO,E,A29,1,C7,false,,2025-03-15T17:55,2025-03-15T17:51,,,,,2025-03-15T20:07,2025-03-15T19:55,Boeing 737-900ER,,,,,,,,3af86b94-39ee-492a-a6b1-142e04899aa2,a8765091-d043-44b1-936c-d217bb519e56,8eee2bc8-dcbf-4b7b-a221-e38cce7c823a,9b0faf9d-6e26-44ce-88d6-f30a340ea2b7,,24012541-435d-4a27-af8a-4791336f1965
2025-03-26,DAL,669,SFO,JFK,1,C8,4,B28,false,,2025-03-26T14:35,2025-03-26T14:34,,,,,2025-03-26T23:00,2025-03-26T22:49,Boeing 767-300,,,,,,,,0c18a7a0-f453-4a4d-bac3-2c9e838d88b1,a8765091-d043-44b1-936c-d217bb519e56,9b0faf9d-6e26-44ce-88d6-f30a340ea2b7,fc332185-4dde-4791-b449-0de5e83e47b9,,3e31e7b6-cfc1-4a82-b88b-bbb8ecad73c3
2025-04-24,UAL,7909,JFK,HND,7,6,2,,false,,2025-04-24T13:30,2025-04-24T13:20,,,,,2025-04-25T16:55,2025-04-25T17:13,Boeing 777-300 ER,,,,,,,,66f491dc-d64f-4cba-9650-d97cd53d049b,b57b4c86-4724-48f1-80be-d7de4036004a,fc332185-4dde-4791-b449-0de5e83e47b9,deceac13-5547-4a5a-9877-06e35ae80304,,78eac566-1ad0-4ded-9979-9510dfde05f2
2025-05-14,DAL,668,SFO,JFK,1,C8,4,B28,false,,2025-05-14T11:40,2025-05-14T11:38,,,,,2025-05-14T20:45,2025-05-14T20:20,Boeing 767-300,,,,,,,,0b69a7a2-a39f-43e9-afa1-727a54166610,a8765091-d043-44b1-936c-d217bb519e56,9b0faf9d-6e26-44ce-88d6-f30a340ea2b7,fc332185-4dde-4791-b449-0de5e83e47b9,,3e31e7b6-cfc1-4a82-b88b-bbb8ecad73c3
2025-05-18,UAL,7924,HND,JFK,2,73,7,6,false,,2025-05-18T22:45,2025-05-18T23:02,,,,,2025-05-18T22:55,2025-05-18T23:06,Boeing 777-300 ER,,,,,,,,e6e40f63-9085-460d-84fc-63ecd09889d9,b57b4c86-4724-48f1-80be-d7de4036004a,deceac13-5547-4a5a-9877-06e35ae80304,fc332185-4dde-4791-b449-0de5e83e47b9,,78eac566-1ad0-4ded-9979-9510dfde05f2
2025-07-10,AAL,4773,LGA,DCA,B,28,2,D44B,false,,2025-07-10T13:23,2025-07-10T13:15,,,,,2025-07-10T14:48,2025-07-10T14:31,Embraer 175,,,,,,,,580dbdc9-4f94-4aee-be06-a9992abc8461,ae1fc6a5-c42d-4e70-ba63-d641d248d270,dfeb8457-3376-49f8-b542-dbeb2ec9f719,be38c6f9-3dd7-41e2-baf8-929dbd2b54f3,,36728d5b-40cd-46ec-93ba-8822376b565d
2025-07-15,AAL,4736,DCA,LGA,2,D39,B,31,false,,2025-07-15T14:54,2025-07-15T16:33,,,,,2025-07-15T16:16,2025-07-15T17:49,Embraer 175,,,,,,,,93ca21d8-321a-45f3-9840-e0a088b253e9,ae1fc6a5-c42d-4e70-ba63-d641d248d270,be38c6f9-3dd7-41e2-baf8-929dbd2b54f3,dfeb8457-3376-49f8-b542-dbeb2ec9f719,,36728d5b-40cd-46ec-93ba-8822376b565d
2025-09-16,AAR,223,JFK,ICN,1,2,1,15,false,,2025-09-16T01:30,2025-09-16T01:31,,,,,2025-09-17T06:10,2025-09-17T05:26,Airbus A350-900,,,,,,,,3c429e69-b395-49fa-9f3a-ff4b29d1b50f,3c484b30-2d33-4171-9aa8-5496efac3560,fc332185-4dde-4791-b449-0de5e83e47b9,ca56969b-d5b4-4d55-95ad-f7abb4fdede9,,0f7e0145-14a5-4c47-aa84-f03b1ff28cd0
2025-09-17,AAR,331,ICN,PEK,T1,17,T3,,false,,2025-09-17T08:20,2025-09-17T08:43,,,,,2025-09-17T09:30,2025-09-17T09:51,Airbus A321,,,,,,,,1bcc3c8d-206f-4634-86c0-caadccd452d9,3c484b30-2d33-4171-9aa8-5496efac3560,ca56969b-d5b4-4d55-95ad-f7abb4fdede9,fa495023-95f7-46c7-abf5-69a5f2120d69,,5904cdc2-eccf-41fe-8345-e82a51d3269c
2025-09-22,CSN,8492,TSN,SZX,T2,226,T3,,false,,2025-09-22T17:15,2025-09-22T17:10,,,,,2025-09-22T20:40,2025-09-22T20:36,Airbus A321,,,,,,,,8a1af345-7053-410a-a07c-7333d0561ebb,255d4d33-d2aa-4a84-bc7d-0613c507151f,c764f201-adb1-49ab-93d4-a603240dad38,fe67fc1f-8483-4796-891a-81a54515c216,,5904cdc2-eccf-41fe-8345-e82a51d3269c
2025-09-27,CSN,3089,SZX,ICN,T3,310,T1,121,false,,2025-09-27T08:40,2025-09-27T09:51,,,,,2025-09-27T13:40,2025-09-27T14:34,Airbus A320neo,,,,,,,,67d26de0-2f19-432a-9c5e-a3cb6c1243fb,255d4d33-d2aa-4a84-bc7d-0613c507151f,fe67fc1f-8483-4796-891a-81a54515c216,ca56969b-d5b4-4d55-95ad-f7abb4fdede9,,fc3bd268-833c-40f4-a74c-9512dabcbe08
2025-10-05,CXA,878,ICN,FOC,2,,,,false,,2025-10-05T20:35,,,,,,2025-10-05T22:40,,Boeing 737-800,,,,,,,,3bc6ed81-556d-4469-942f-696d7dec75fd,d0ee441b-1a09-4d7c-b736-c4c8b7155b60,ca56969b-d5b4-4d55-95ad-f7abb4fdede9,9ef7076e-fb17-4ecb-aca2-c953d202e7ee,,8ad8530e-acd0-42bf-abc5-1e70c4a076bf
2025-10-06,CXA,8965,FOC,SZX,,,,,false,,2025-10-06T10:35,,,,,,2025-10-06T12:25,,Boeing 737-800,,,,,,,,10a8ff8b-b141-4b71-bfe5-0212a107ad1f,d0ee441b-1a09-4d7c-b736-c4c8b7155b60,9ef7076e-fb17-4ecb-aca2-c953d202e7ee,fe67fc1f-8483-4796-891a-81a54515c216,,8ad8530e-acd0-42bf-abc5-1e70c4a076bf
